,Sector 2,Unnamed: 1,Unnamed: 2,Unnamed: 3
0,sector_economico_1,sector_economico_2,sector_economico_2_2pos,descripción sector_economico_2
1,0,1,1,Agricultura
2,0,2,2,Ganadería
3,0,3,3,Silvicultura
4,0,4,4,Pesca
5,0,5,5,Caza
6,1,1,11,"Extracción  y  beneficio de carbón mineral, grafito y minerales no metálicos; excepto sal"
7,1,2,12,Exploración y extracción  de  petróleo crudo y gas natural (no incluye a Pemex)                                                                                     
8,1,3,13,Extracción y beneficio de minerales metálicos    
9,1,4,14,Explotación de sal                   
10,2,0,20,Fabricación de alimentos
11,2,1,21,Elaboración de bebidas
12,2,2,22,Beneficio y fabricación de productos de tabaco
13,2,3,23,Industria textil
14,2,4,24,Confección de prendas de vestir y otros artículos confeccionados con textiles y otros materiales; excepto calzado
15,2,5,25,Fabricación de  calzado e industria del cuero
16,2,6,26,Industria y productos de madera y corcho; excepto muebles
17,2,7,27,Fabricación y reparación de muebles de madera y sus partes; excepto los de metal y plástico moldeado
18,2,8,28,Industria del papel                                                                                                    
19,2,9,29,"Industrias editorial, de impresión y conexas"
20,3,0,30,Industria química
21,3,1,31,Refinación del petróleo y derivados del carbón mineral (no incluye Pemex)
22,3,2,32,Fabricación de productos de hule y plástico
23,3,3,33,Fabricación de productos de minerales no metálicos;  excepto del petróleo y del carbón mineral
24,3,4,34,Industrias metálicas básicas                                                           
25,3,5,35,Fabricación de productos metálicos; excepto maquinaria y equipo
26,3,6,36,"Fabricación, ensamble y reparación de maquinaria, equipo y sus partes; excepto los eléctricos                                                      "
27,3,7,37,"Fabricación y ensamble de maquinaria, equipos, aparatos, accesorios y artículos eléctricos, electrónicos y sus partes                            "
28,3,8,38,"Construcción, reconstrucción y ensamble de equipo de transporte y sus partes                                                          "
29,3,9,39,Otras industrias manufactureras                                                                                                                
30,4,1,41,Construcción de edificaciones y de obras de ingeniería civil                                                                              
31,4,2,42,Trabajos realizados por contratistas especializados                                                                     
32,5,0,50,"Generación, transmisión y distribución de energía eléctrica                                                                 "
33,5,1,51,Captación y suministro de agua potable                                                                                         
34,6,1,61,"Compraventa de alimentos, bebidas y productos del tabaco                                                                         "
35,6,2,62,Compraventa de prendas de vestir y otros artículos de uso personal                                                                    
36,6,3,63,Compraventa de artículos para el hogar                                                                                
37,6,4,64,Compraventa en tiendas de autoservicio y de departamentos especializados por línea de mercancías                       
38,6,5,65,"Compraventa de gases, combustibles y lubricantes                                                                 "
39,6,6,66,"Compraventa de materias primas, materiales y auxiliares                                               "
40,6,7,67,"Compraventa de maquinaria, equipo, instrumentos, aparatos, herramientas;  sus refacciones y accesorios        "
41,6,8,68,Compraventa de equipo de transporte; sus refacciones y accesorios                                            
42,6,9,69,Compraventa de inmuebles y artículos diversos                                        
43,7,1,71,Transporte terrestre                                                                                          
44,7,2,72,Transporte por agua                                                                                                                      
45,7,3,73,Transporte aéreo                                                                             
46,7,4,74,Servicios conexos al transporte                                                                                                                       
47,7,5,75,Servicios relacionados con el transporte en general                                                                                               
48,7,6,76,Comunicaciones                                                                                                                             
49,8,1,81,"Servicios financieros y de seguros (bancos, financieras, compañías de seguros, etc.)                                                          "
50,8,2,82,Servicios colaterales a las instituciones financieras y de seguros                                                            
51,8,3,83,Servicios relacionados con inmuebles                                   
52,8,4,84,Servicios profesionales y técnicos                                                                                                         
53,8,5,85,Servicios de alquiler; excepto de inmuebles                                                                                                         
54,8,6,86,Servicios de alojamiento temporal                                                                                                 
55,8,7,87,Preparación y servicio de alimentos y bebidas                                                                                       
56,8,8,88,Servicios recreativos y de esparcimiento                                                                                      
57,8,9,89,Servicios personales para el hogar y diversos
58,9,1,91,"Servicios de enseñanza, investigación científica y difusión cultural                                                                                 "
59,9,2,92,"Servicios médicos, asistencia social y veterinarios                                                                                                   "
60,9,3,93,"Agrupaciones mercantiles, profesionales, cívicas, políticas, laborales y religiosas                                                 "
61,9,4,94,Servicios de administración pública y seguridad social                                                                        
62,9,9,99,Servicios de organizaciones internacionales y otros organismos extraterritoriales                                                                
