,Estructura y definición del archivo (Layout),Unnamed: 1,Unnamed: 2,Unnamed: 3
0,Columna,Descripción,Tipo,Natualeza del dato
1,cve_delegacion,Identificador de la delegación de adscripción al IMSS,Numérico,Dimensión
2,cve_subdelegacion,Identificador de la subdelegación de adscripción al IMSS,Numérico,Dimensión
3,cve_entidad,Identificador de la entidad federativa (catálogo IMSS),Numérico,Dimensión
4,cve_municipio,Identificador del municipio (catálogo IMSS),Alfanumérico,Dimensión
5,sector_economico_1,"Identificador de sector económico a 1 posición (división, catálogo IMSS)",Numérico,Dimensión
6,sector_economico_2,"Identificador de sector económico a 2 posiciones (grupo, catálogo IMSS)",Numérico,Dimensión
7,sector_economico_4,"Identificador de sector económico a 4 posiciones (fracción, catálogo IMSS)",Numérico,Dimensión
8,tamaño_patron,Identificador del rango de tamaño del registro patronal,Alfanumérico,Dimensión
9,sexo,1: hombre 2: mujer,Numérico,Dimensión
10,rango_edad,Identificador de rango de edad,Alfanumérico,Dimensión
11,rango_salarial,Identificador de rango salarial,Alfanumérico,Dimensión
12,rango_uma,identificador del rango de la unidad de medida de actualización (UMA). A partir de febrero de 2017,Alfanumérico,Dimensión
13,asegurados,Número de asegurados,Numérico,Métrica
14,no_trabajadores,Asegurados sin un empleo asociado,Numérico,Métrica
15,ta,Puestos de trabajo afiliados al IMSS (empleos asegurados o asegurados asociados a un empleo),Numérico,Métrica
16,teu,Puestos de trabajo eventuales urbanos,Numérico,Métrica
17,tec,Puestos de trabajo eventuales del campo,Numérico,Métrica
18,tpu,Puestos de trabajo permanentes urbanos,Numérico,Métrica
19,tpc,Puestos de trabajo permanentes del campo,Numérico,Métrica
20,ta_sal,Puestos de trabajo afiliados con un salario asociado,Numérico,Métrica
21,teu_sal,Puestos de trabajo eventuales urbanos con un salario asociado,Numérico,Métrica
22,tec_sal,Puestos de trabajo eventuales del campo con un salario asociado,Numérico,Métrica
23,tpu_sal,Puestos de trabajo permanentes urbanos con un salario asociado,Numérico,Métrica
24,tpc_sal,Puestos de trabajo permanentes del campo con un salario asociado,Numérico,Métrica
25,masa_sal_ta,Masa salarial asociada a puestos de trabajo afiliados,Numérico,Métrica
26,masa_sal_teu,Masa salarial asociada a puestos de trabajo eventuales urbanos,Numérico,Métrica
27,masa_sal_tec,Masa salarial asociada a puestos de trabajo eventuales del campo,Numérico,Métrica
28,masa_sal_tpu,Masa salarial asociada a puestos de trabajo permanentes urbanos,Numérico,Métrica
29,masa_sal_tpc,Masa salarial asociada a puestos de trabajo permanentes del campo,Numérico,Métrica
30,,,,
31,Actualización 8 de febrero 2023,,,
