,Rango de edad,Unnamed: 1
0,rango_edad,descripción
1,E1,Menores de 15 años de edad
2,E2,Mayor o igual a 15 y menor a 20 años de edad
3,E3,Mayor o igual a 20 y menor a 25 años de edad
4,E4,Mayor o igual a 25 y menor a 30 años de edad
5,E5,Mayor o igual a 30 y menor a 35 años de edad
6,E6,Mayor o igual a 35 y menor a 40 años de edad
7,E7,Mayor o igual a 40 y menor a 45 años de edad
8,E8,Mayor o igual a 45 y menor a 50 años de edad
9,E9,Mayor o igual a 50 y menor a 55 años de edad
10,E10,Mayor o igual a 55 y menor a 60 años de edad
11,E11,Mayor o igual a 60 y menor a 65 años de edad
12,E12,Mayor o igual a 65 y menor a 70 años de edad
13,E13,Mayor o igual a 70 y menor a 75 años de edad
14,E14,75 o más años de edad
15,,Edad no disponible
