,Rango UMA,Unnamed: 1
0,rango_salarial,descripción
1,W1,Hasta 1 vez la UMA
2,W2, mayor a 1 y hasta 2 veces la UMA
3,W3, mayor a 2 y hasta 3 veces la UMA
4,W4, mayor a 3 y hasta 4 veces la UMA
5,W5, mayor a 4 y hasta 5 veces la UMA
6,W6, mayor a 5 y hasta 6 veces la UMA
7,W7, mayor a 6 y hasta 7 veces la UMA
8,W8, mayor a 7 y hasta 8 veces la UMA
9,W9, mayor a 8 y hasta 9 veces la UMA
10,W10, mayor a 9 y hasta 10 veces la UMA
11,W11, mayor a 10 y hasta 11 veces la UMA
12,W12, mayor a 11 y hasta 12 veces la UMA
13,W13, mayor a 12 y hasta 13 veces la UMA
14,W14, mayor a 13 y hasta 14 veces la UMA
15,W15, mayor a 14 y hasta 15 veces la UMA
16,W16, mayor a 15 y hasta 16 veces la UMA
17,W17, mayor a 16 y hasta 17 veces la UMA
18,W18, mayor a 17 y hasta 18 veces la UMA
19,W19, mayor a 18 y hasta 19 veces la UMA
20,W20, mayor a 19 y hasta 20 veces la UMA
21,W21, mayor a 20 y hasta 21 veces la UMA
22,W22, mayor a 21 y hasta 22 veces la UMA
23,W23, mayor a 22 y hasta 23 veces la UMA
24,W24, mayor a 23 y hasta 24 veces la UMA
25,W25, mayor a 24 y hasta 25 veces la UMA
26,,No aplica
