,Delegación-Subdelegación,Unnamed: 1,Unnamed: 2,Unnamed: 3
0,ID_DELEG_RP,descripcion delegación,ID_SUBDEL_RP,descripcion subdelegación
1,1,Aguascalientes,1,Aguascalientes Norte
2,1,Aguascalientes,19,Aguascalientes Sur
3,2,Baja California,1,Mexicali
4,2,Baja California,2,Tecate
5,2,Baja California,3,Ensenada
6,2,Baja California,4,San Luis Río Colorado
7,2,Baja California,5,Tijuana
8,3,Baja California Sur,1,La Paz
9,3,Baja California Sur,8,Cabo San Lucas
10,4,Campeche,1,Ciudad de Campeche
11,4,Campeche,4,Ciudad del Carmen
12,5,Coahuila,3,Saltillo
13,5,Coahuila,9,Torreón
14,5,Coahuila,11,Ciudad Acuña
15,5,Coahuila,12,Piedras Negras
16,5,Coahuila,17,Monclova
17,5,Coahuila,23,Sabinas
18,6,Colima,1,Colima
19,6,Colima,3,Manzanillo
20,6,Colima,7,Tecomán
21,7,Chiapas,1,Tuxtla Gutiérrez
22,7,Chiapas,2,Tapachula
23,8,Chihuahua,1,Chihuahua
24,8,Chihuahua,3,Cuauhtémoc
25,8,Chihuahua,5,Delicias
26,8,Chihuahua,8,Nuevo Casas Grandes
27,8,Chihuahua,10,Juárez 1
28,8,Chihuahua,22,Hidalgo del Parral
29,8,Chihuahua,60,Juárez 2
30,10,Durango,1,Durango
31,10,Durango,13,Gómez Palacio
32,11,Guanajuato,1,Guanajuato
33,11,Guanajuato,5,Irapuato
34,11,Guanajuato,8,Celaya
35,11,Guanajuato,14,Salamanca
36,11,Guanajuato,17,León
37,12,Guerrero,1,Chilpancingo
38,12,Guerrero,2,Acapulco
39,12,Guerrero,3,Iguala
40,12,Guerrero,13,Zihuatanejo
41,13,Hidalgo,1,Pachuca
42,13,Hidalgo,5,Tulancingo
43,13,Hidalgo,7,Ciudad Sahagún
44,13,Hidalgo,10,Tula de Allende
45,14,Jalisco,12,Tepatitlán de Morelos
46,14,Jalisco,15,Ocotlán
47,14,Jalisco,22,Ciudad Guzmán
48,14,Jalisco,38,Hidalgo
49,14,Jalisco,39,Libertad Reforma
50,14,Jalisco,40,Juárez
51,14,Jalisco,50,Puerto Vallarta
52,15,Estado de México Oriente,6,Tlanepantla de Baz
53,15,Estado de México Oriente,54,Ecatepec
54,15,Estado de México Oriente,80,Los Reyes - La Paz
55,16,Estado de México Poniente,1,Toluca
56,16,Estado de México Poniente,5,Naucalpan
57,17,Michoacán,3,Morelia
58,17,Michoacán,9,Uruapan 
59,17,Michoacán,13,Zamora 
60,17,Michoacán,17,Zitácuaro
61,17,Michoacán,27,Lázaro Cárdenas
62,18,Morelos,1,Cuernavaca
63,18,Morelos,11,Cuautla 
64,18,Morelos,15,Zacatepec
65,19,Nayarit,1,Tepic
66,20,Nuevo León,6,Montemorelos
67,20,Nuevo León,8,Apodaca
68,20,Nuevo León,31,Noreste 
69,20,Nuevo León,32,Noroeste 
70,20,Nuevo León,33,Sureste 
71,20,Nuevo León,34,Suroeste 
72,21,Oaxaca,2,Oaxaca
73,21,Oaxaca,3,Salina Cruz
74,21,Oaxaca,4,San Juan Bautista Tuxtepec
75,21,Oaxaca,53,Santa María Huatulco
76,22,Puebla,1,Puebla Norte
77,22,Puebla,5,Teziutlán
78,22,Puebla,6,Tehuacán
79,22,Puebla,8,Izúcar de Matamoros
80,22,Puebla,22,Puebla Sur
81,23,Querétaro,1,Querétaro
82,23,Querétaro,3,San Juan del Río
83,24,Quintana Roo,1,Chetumal
84,24,Quintana Roo,2,Playa del Carmen
85,24,Quintana Roo,7,Cancún
86,25,San Luis Potosí,1,Oriente
87,25,San Luis Potosí,3,Matehuala
88,25,San Luis Potosí,5,Ciudad Valles
89,25,San Luis Potosí,60,Poniente
90,26,Sinaloa,1,Culiacán
91,26,Sinaloa,3,Los Mochis
92,26,Sinaloa,4,Guasave
93,26,Sinaloa,5,Mazatlán
94,27,Sonora,1,Hermosillo
95,27,Sonora,3,Guaymas
96,27,Sonora,7,Navojoa
97,27,Sonora,10,Nogales
98,27,Sonora,13,Caborca
99,27,Sonora,51,Agua Prieta
100,27,Sonora,57,Nacozari de GarcÍa
101,27,Sonora,70,Ciudad Obregón
102,28,Tabasco,1,Villa Hermosa
103,28,Tabasco,2,Cárdenas
104,29,Tamaulipas,1,Ciudad Victoria
105,29,Tamaulipas,4,Reynosa
106,29,Tamaulipas,10,Tampico
107,29,Tamaulipas,13,Ciudad Mante
108,29,Tamaulipas,18,Nuevo Laredo
109,29,Tamaulipas,19,Matamoros
110,30,Tlaxcala,1,Tlaxcala
111,31,Veracruz Norte,2,Xalapa
112,31,Veracruz Norte,7,Poza Rica
113,31,Veracruz Norte,9,MartÍnez de la Torre
114,31,Veracruz Norte,12,Veracruz
115,31,Veracruz Norte,25,Lerdo de Tejada
116,32,Veracruz Sur,2,Córdoba
117,32,Veracruz Sur,3,Orizaba
118,32,Veracruz Sur,38,Cosamaloapan 
119,32,Veracruz Sur,45,Coatzacoalcos
120,33,Yucatán,1,Mérida Norte
121,33,Yucatán,33,Mérida Sur
122,34,Zacatecas,1,Ciudad de Zacatecas
123,34,Zacatecas,9,Fresnillo
124,39,Ciudad de México Norte ,11,Magdalena de las Salinas
125,39,Ciudad de México Norte ,16,Polanco
126,39,Ciudad de México Norte ,54,Santa MarÍa la Ribera
127,39,Ciudad de México Norte ,56,Guerrero
128,39,Ciudad de México Norte ,57,Centro
129,40,Ciudad de México Sur ,1,San Ángel
130,40,Ciudad de México Sur ,6,Del Valle
131,40,Ciudad de México Sur ,11,Santa Anita
132,40,Ciudad de México Sur ,54,Churubusco
133,40,Ciudad de México Sur ,58,Piedad Narvarte
134,*Actualizado con base en el Reglamento Interior del IMSS. D.O. 23.08.12,,,
